{
    "10th St & Capitol Mall": [
        38.576988,
        -121.494905
    ],
    "10th St & L St": [
        38.578107,
        -121.49442
    ],
    "10th St & N St": [
        38.575868,
        -121.495389
    ],
    "10th St & N St O St Aly": [
        38.575331,
        -121.495622
    ],
    "10th St & O St": [
        38.574765,
        -121.495867
    ],
    "10th St & O St P St Aly": [
        38.57422,
        -121.496103
    ],
    "10th St & P St": [
        38.573672,
        -121.496342
    ],
    "11th St & L St": [
        38.577747,
        -121.49307
    ],
    "11th St & N St": [
        38.575511,
        -121.494046
    ],
    "11th St & N St O St Aly": [
        38.574973,
        -121.494281
    ],
    "11th St & O St": [
        38.574408,
        -121.494526
    ],
    "11th St & O St P St Aly": [
        38.573863,
        -121.494763
    ],
    "12th St & L St": [
        38.577398,
        -121.491757
    ],
    "12th St & N St": [
        38.575156,
        -121.492716
    ],
    "12th St & N St O St Aly": [
        38.574617,
        -121.492951
    ],
    "12th St & O St": [
        38.574053,
        -121.493196
    ],
    "12th St & O St P St Aly": [
        38.573509,
        -121.493434
    ],
    "13th St & L St": [
        38.576974,
        -121.490169
    ],
    "13th St & N St": [
        38.574733,
        -121.491127
    ],
    "13th St & N St O St Aly": [
        38.574193,
        -121.491364
    ],
    "13th St & O St": [
        38.57363,
        -121.491607
    ],
    "14th St & L St": [
        38.576621,
        -121.488842
    ],
    "14th St & N St": [
        38.574382,
        -121.489806
    ],
    "14th St & N St O St Aly": [
        38.573839,
        -121.490041
    ],
    "15th St & Capitol Ave": [
        38.575142,
        -121.48799
    ],
    "15th St & Capitol Ave N St Aly": [
        38.574569,
        -121.488238
    ],
    "15th St & N St": [
        38.574026,
        -121.488474
    ],
    "16th St & Capitol Ave": [
        38.574785,
        -121.486653
    ],
    "16th St & Capitol Ave N St Aly": [
        38.574213,
        -121.4869
    ],
    "16th St & N St": [
        38.573669,
        -121.487137
    ],
    "17th St & Capitol Ave N St Aly": [
        38.573858,
        -121.485568
    ],
    "9th St & Capitol Mall": [
        38.577345,
        -121.496247
    ],
    "9th St & N St O St Aly": [
        38.575689,
        -121.49696
    ],
    "9th St & O St": [
        38.575122,
        -121.497206
    ],
    "9th St & P St": [
        38.574029,
        -121.497677
    ]
}