{
    "10th St & G St H St Aly": [
        38.583048999999995,
        -121.492279
    ],
    "10th St & H St": [
        38.582496,
        -121.492519
    ],
    "10th St & I St": [
        38.5814,
        -121.492992
    ],
    "10th St & I St J St Aly": [
        38.580863,
        -121.493225
    ],
    "10th St & J St": [
        38.580314,
        -121.49346299999999
    ],
    "10th St & J St K St Aly": [
        38.579754,
        -121.493706
    ],
    "10th St & K St": [
        38.579205,
        -121.493943
    ],
    "11th St & G St": [
        38.583228999999996,
        -121.490699
    ],
    "11th St & G St H St Aly": [
        38.582688999999995,
        -121.490932
    ],
    "11th St & H St": [
        38.582136999999996,
        -121.491171
    ],
    "11th St & I St": [
        38.581041,
        -121.491646
    ],
    "11th St & I St J St Aly": [
        38.580503,
        -121.491879
    ],
    "11th St & J St": [
        38.579954,
        -121.492115
    ],
    "11th St & J St K St Aly": [
        38.579395,
        -121.492357
    ],
    "11th St & K St": [
        38.578846,
        -121.492595
    ],
    "11th St & Terminal Way": [
        38.581587999999996,
        -121.491409
    ],
    "12th St & G St": [
        38.582876,
        -121.489376
    ],
    "12th St & G St H St Aly": [
        38.582336999999995,
        -121.489611
    ],
    "12th St & H St": [
        38.581784999999996,
        -121.489851
    ],
    "12th St & H St I St Aly": [
        38.581235,
        -121.490089
    ],
    "12th St & I St": [
        38.580689,
        -121.490328
    ],
    "12th St & I St J St Aly": [
        38.580152,
        -121.490561
    ],
    "12th St & J St": [
        38.579603,
        -121.490799
    ],
    "12th St & J St K St Aly": [
        38.579045,
        -121.491042
    ],
    "12th St & Terminal Way": [
        38.581235,
        -121.490089
    ],
    "13th St & F St G St Aly": [
        38.582996,
        -121.487549
    ],
    "13th St & G St": [
        38.582451999999996,
        -121.487786
    ],
    "13th St & G St H St Aly": [
        38.581911999999996,
        -121.48802
    ],
    "13th St & H St": [
        38.581361,
        -121.488261
    ],
    "13th St & H St I St Aly": [
        38.580811,
        -121.488501
    ],
    "13th St & I St": [
        38.580266,
        -121.488737
    ],
    "13th St & I St J St Aly": [
        38.579727,
        -121.488972
    ],
    "13th St & J St": [
        38.57918,
        -121.48921
    ],
    "14th St & F St": [
        38.583194,
        -121.48598
    ],
    "14th St & F St G St Aly": [
        38.582640999999995,
        -121.486221
    ],
    "14th St & G St": [
        38.582097999999995,
        -121.486457
    ],
    "14th St & G St H St Aly": [
        38.581558,
        -121.486692
    ],
    "14th St & H St": [
        38.581005999999995,
        -121.486932
    ],
    "14th St & H St I St Aly": [
        38.580456999999996,
        -121.487172
    ],
    "14th St & I St": [
        38.57991,
        -121.487409
    ],
    "14th St & I St J St Aly": [
        38.579374,
        -121.48764299999999
    ],
    "15th St & F St": [
        38.582837999999995,
        -121.484647
    ],
    "15th St & F St G St Aly": [
        38.582284,
        -121.484887
    ],
    "15th St & G St": [
        38.581742,
        -121.485122
    ],
    "15th St & H St": [
        38.58065,
        -121.485596
    ],
    "15th St & H St I St Aly": [
        38.5801,
        -121.485835
    ],
    "15th St & I St": [
        38.579554,
        -121.486073
    ],
    "15th St & I St J St Aly": [
        38.579017,
        -121.486306
    ],
    "16th St & E St F St Aly": [
        38.583034999999995,
        -121.483078
    ],
    "16th St & F St": [
        38.582484,
        -121.483316
    ],
    "16th St & F St G St Aly": [
        38.581928999999995,
        -121.483556
    ],
    "16th St & G St": [
        38.581388,
        -121.483791
    ],
    "16th St & G St H St Aly": [
        38.580847,
        -121.484026
    ],
    "16th St & H St": [
        38.580295,
        -121.484264
    ],
    "16th St & H St I St Aly": [
        38.579746,
        -121.484505
    ],
    "16th St & I St": [
        38.579198999999996,
        -121.484741
    ],
    "17th St & E St": [
        38.58322499999999,
        -121.481516
    ],
    "17th St & F St": [
        38.58212799999999,
        -121.48199000000001
    ],
    "17th St & F St G St Aly": [
        38.581573999999996,
        -121.48223
    ],
    "17th St & G St": [
        38.581033999999995,
        -121.48246500000002
    ],
    "17th St & G St H St Aly": [
        38.580490999999995,
        -121.482698
    ],
    "17th St & H St": [
        38.579941,
        -121.482936
    ],
    "17th St & H St I St Aly": [
        38.57939,
        -121.483173
    ],
    "17th St & I St": [
        38.578843,
        -121.483411
    ],
    "18th St & E St": [
        38.58287,
        -121.48019099999999
    ],
    "18th St & Eggplant Aly": [
        38.582325999999995,
        -121.480426
    ],
    "18th St & F St": [
        38.581776,
        -121.480665
    ],
    "18th St & F St G St Aly": [
        38.581219999999995,
        -121.480905
    ],
    "18th St & G St": [
        38.58068,
        -121.481138
    ],
    "18th St & G St H St Aly": [
        38.580138999999996,
        -121.48137299999999
    ],
    "18th St & H St": [
        38.579587,
        -121.481612
    ],
    "18th St & H St I St Aly": [
        38.579035999999995,
        -121.481849
    ],
    "19th St & D St E St Aly": [
        38.583065,
        -121.47862599999999
    ],
    "19th St & E St": [
        38.582516,
        -121.478864
    ],
    "19th St & Eggplant Aly": [
        38.581970999999996,
        -121.47909899999999
    ],
    "19th St & F St": [
        38.581421999999996,
        -121.479338
    ],
    "19th St & F St G St Aly": [
        38.580866,
        -121.479578
    ],
    "19th St & G St": [
        38.580327,
        -121.479811
    ],
    "19th St & G St H St Aly": [
        38.579784,
        -121.480048
    ],
    "19th St & H St": [
        38.579232999999995,
        -121.480286
    ],
    "20th St & G St": [
        38.579971,
        -121.478476
    ],
    "20th St & G St H St Aly": [
        38.579426999999995,
        -121.478712
    ],
    "20th St & H St": [
        38.578877,
        -121.478951
    ],
    "8th St & H St": [
        38.583206,
        -121.495181
    ],
    "8th St & I St": [
        38.582111,
        -121.495654
    ],
    "8th St & I St J St Aly": [
        38.581573999999996,
        -121.495887
    ],
    "8th St & J St": [
        38.581024,
        -121.496125
    ],
    "8th St & J St K St Aly": [
        38.580463,
        -121.496369
    ],
    "8th St & K St": [
        38.579913999999995,
        -121.496607
    ],
    "9th St & H St": [
        38.582856,
        -121.49386799999999
    ],
    "9th St & I St": [
        38.581759999999996,
        -121.49434099999999
    ],
    "9th St & J St": [
        38.580673,
        -121.494811
    ],
    "9th St & J St K St Aly": [
        38.580113,
        -121.495052
    ],
    "9th St & K St": [
        38.579563,
        -121.495289
    ],
    "9th St & K St L St Aly": [
        38.579021,
        -121.495524
    ],
    "I St & I St J St Aly": [
        38.580504999999995,
        -121.48963599999999
    ]
}