{
    "3rd St & P St": [
        38.576145,
        -121.505622
    ],
    "4th St & O St": [
        38.576882,
        -121.503817
    ],
    "4th St & P St": [
        38.575790999999995,
        -121.50429
    ],
    "4th St & Q St R St Aly": [
        38.574159,
        -121.50501299999999
    ],
    "4th St & S St": [
        38.572522,
        -121.505726
    ],
    "4th St & T St": [
        38.57142199999999,
        -121.506204
    ],
    "4th St & U St V St Aly": [
        38.569784999999996,
        -121.50691499999999
    ],
    "4th St & V St W St Aly": [
        38.568692,
        -121.507391
    ],
    "5th St & P St": [
        38.57544,
        -121.50297300000001
    ],
    "5th St & Q St": [
        38.574335999999995,
        -121.503452
    ],
    "5th St & R St S St Aly": [
        38.572697999999995,
        -121.504161
    ],
    "5th St & S and T Aly": [
        38.571604,
        -121.50463500000001
    ],
    "5th St & U St": [
        38.569972,
        -121.505345
    ],
    "5th St & V St": [
        38.56888,
        -121.50581700000001
    ],
    "6th St & P St": [
        38.575088,
        -121.501652
    ],
    "6th St & Q St": [
        38.573983999999996,
        -121.50212800000001
    ],
    "6th St & R St": [
        38.572893,
        -121.502598
    ],
    "6th St & S St T St Aly": [
        38.57125,
        -121.503307
    ],
    "6th St & T St U St Aly": [
        38.570167999999995,
        -121.50377300000001
    ],
    "6th St & U St V St Aly": [
        38.569075,
        -121.504246
    ],
    "6th St & V St": [
        38.568524,
        -121.504482
    ],
    "6th St & W St": [
        38.567439,
        -121.504951
    ],
    "7th St & N St": [
        38.57692999999999,
        -121.499374
    ],
    "7th St & O St P St Aly": [
        38.575281,
        -121.500086
    ],
    "7th St & P St": [
        38.574732999999995,
        -121.500323
    ],
    "7th St & S St": [
        38.571459,
        -121.50173699999999
    ],
    "7th St & T St": [
        38.570358999999996,
        -121.502213
    ],
    "8th St & N St": [
        38.576578,
        -121.498053
    ],
    "8th St & O St": [
        38.575475,
        -121.498531
    ],
    "8th St & P St": [
        38.574382,
        -121.499005
    ],
    "8th St & Q St R St Aly": [
        38.572731999999995,
        -121.49972
    ],
    "8th St & Rhodin Ln": [
        38.571641,
        -121.500193
    ],
    "8th St & T St": [
        38.570009,
        -121.5009
    ],
    "8th St & U St V St Aly": [
        38.568360999999996,
        -121.501615
    ],
    "8th St & V St W St Aly": [
        38.56727,
        -121.502088
    ],
    "8th St & W St": [
        38.566736999999996,
        -121.502317
    ],
    "9th St & N St O St Aly": [
        38.575689,
        -121.49696
    ],
    "9th St & P St": [
        38.574028999999996,
        -121.497677
    ],
    "9th St & Q St": [
        38.572925,
        -121.498153
    ],
    "9th St & Q St R St Aly": [
        38.572378,
        -121.49839
    ],
    "9th St & R St S St Aly": [
        38.571286,
        -121.498861
    ],
    "9th St & S St T St Aly": [
        38.570192,
        -121.499332
    ],
    "9th St & U St": [
        38.568556,
        -121.500038
    ],
    "9th St & V St": [
        38.567463,
        -121.500509
    ],
    "E Socap Walk & R St": [
        38.572665,
        -121.501745
    ],
    "Hudson Aly & N St": [
        38.577450999999996,
        -121.501331
    ],
    "T St U St Aly & T and U Aly": [
        38.570230999999985,
        -121.504009
    ]
}