{
    "10th St & N St": [
        38.575868,
        -121.495389
    ],
    "10th St & N St O St Aly": [
        38.575331,
        -121.495622
    ],
    "10th St & O St": [
        38.574765,
        -121.495867
    ],
    "10th St & O St P St Aly": [
        38.57422,
        -121.496103
    ],
    "10th St & P St": [
        38.573671999999995,
        -121.496342
    ],
    "10th St & Q St": [
        38.57256999999999,
        -121.49681799999999
    ],
    "10th St & Q St R St Aly": [
        38.572023,
        -121.497055
    ],
    "10th St & R St": [
        38.571479,
        -121.497291
    ],
    "10th St & R St S St Aly": [
        38.570931,
        -121.49752699999999
    ],
    "10th St & S St": [
        38.570398,
        -121.497759
    ],
    "10th St & S St T St Aly": [
        38.569838,
        -121.498002
    ],
    "10th St & T St": [
        38.569297999999996,
        -121.49823500000001
    ],
    "10th St & Tomato Aly": [
        38.568739,
        -121.498478
    ],
    "10th St & U St": [
        38.568202,
        -121.498711
    ],
    "10th St & U St V St Aly": [
        38.56765,
        -121.49895000000001
    ],
    "10th St & V St": [
        38.567108999999995,
        -121.499184
    ],
    "10th St & V St W St Aly": [
        38.566556999999996,
        -121.499422
    ],
    "10th St & W St": [
        38.566027,
        -121.499653
    ],
    "3rd St & N St": [
        38.57834,
        -121.504667
    ],
    "3rd St & N St O St Aly": [
        38.577791999999995,
        -121.504907
    ],
    "3rd St & O St": [
        38.577244,
        -121.505144
    ],
    "3rd St & P St": [
        38.576145,
        -121.505622
    ],
    "3rd St & Q St": [
        38.575041,
        -121.506102
    ],
    "3rd St & Q St R St Aly": [
        38.574509,
        -121.506327
    ],
    "3rd St & R St": [
        38.573952,
        -121.506574
    ],
    "3rd St & R St S St Aly": [
        38.573404,
        -121.506813
    ],
    "3rd St & S St": [
        38.572874,
        -121.507042
    ],
    "3rd St & S and T Aly": [
        38.57231,
        -121.507287
    ],
    "3rd St & T St": [
        38.571773,
        -121.50752
    ],
    "3rd St & U St V St Aly": [
        38.570135,
        -121.508233
    ],
    "4th St & N St": [
        38.577985,
        -121.503337
    ],
    "4th St & O St": [
        38.576882,
        -121.503817
    ],
    "4th St & P St": [
        38.575790999999995,
        -121.50429
    ],
    "4th St & Q St": [
        38.57469,
        -121.504782
    ],
    "4th St & Q St R St Aly": [
        38.574159,
        -121.50501299999999
    ],
    "4th St & R St": [
        38.573601,
        -121.505256
    ],
    "4th St & R St S St Aly": [
        38.573054,
        -121.505495
    ],
    "4th St & S St": [
        38.572522,
        -121.505726
    ],
    "4th St & S and T Aly": [
        38.571958999999985,
        -121.50596900000001
    ],
    "4th St & T St": [
        38.57142199999999,
        -121.506204
    ],
    "4th St & T St U St Aly": [
        38.570879999999995,
        -121.506438
    ],
    "4th St & U St": [
        38.570327999999996,
        -121.506678
    ],
    "4th St & U St V St Aly": [
        38.569784999999996,
        -121.50691499999999
    ],
    "4th St & V St": [
        38.569236,
        -121.507153
    ],
    "4th St & V St W St Aly": [
        38.568692,
        -121.507391
    ],
    "4th St & W St": [
        38.568455,
        -121.507494
    ],
    "5th St & N St": [
        38.577635,
        -121.502021
    ],
    "5th St & O St": [
        38.576530999999996,
        -121.50249900000001
    ],
    "5th St & P St": [
        38.57544,
        -121.50297300000001
    ],
    "5th St & Q St": [
        38.574335999999995,
        -121.503452
    ],
    "5th St & Q St R St Aly": [
        38.573805,
        -121.503681
    ],
    "5th St & R St": [
        38.573246,
        -121.503924
    ],
    "5th St & R St S St Aly": [
        38.572697999999995,
        -121.504161
    ],
    "5th St & S St": [
        38.572167,
        -121.504392
    ],
    "5th St & S and T Aly": [
        38.571604,
        -121.50463500000001
    ],
    "5th St & T St": [
        38.571066999999985,
        -121.504868
    ],
    "5th St & T and U Aly": [
        38.57052399999999,
        -121.505105
    ],
    "5th St & U St": [
        38.569972,
        -121.505345
    ],
    "5th St & U St V St Aly": [
        38.56943,
        -121.505579
    ],
    "5th St & V St": [
        38.56888,
        -121.50581700000001
    ],
    "5th St & V St W St Aly": [
        38.568334,
        -121.506054
    ],
    "5th St & W St": [
        38.567796,
        -121.506287
    ],
    "6th St & P St": [
        38.575088,
        -121.501652
    ],
    "6th St & Q St": [
        38.573983999999996,
        -121.50212800000001
    ],
    "6th St & Q St R St Aly": [
        38.573436,
        -121.502365
    ],
    "6th St & R St": [
        38.572893,
        -121.502598
    ],
    "6th St & R St S St Aly": [
        38.572345,
        -121.50283400000001
    ],
    "6th St & S St": [
        38.571813,
        -121.503063
    ],
    "6th St & S St T St Aly": [
        38.57125,
        -121.503307
    ],
    "6th St & T St": [
        38.570712,
        -121.50354
    ],
    "6th St & T St U St Aly": [
        38.570167999999995,
        -121.50377300000001
    ],
    "6th St & U St": [
        38.569615999999996,
        -121.50401099999999
    ],
    "6th St & U St V St Aly": [
        38.569075,
        -121.504246
    ],
    "6th St & V St": [
        38.568524,
        -121.504482
    ],
    "6th St & V St W St Aly": [
        38.567977,
        -121.504718
    ],
    "6th St & W St": [
        38.567439,
        -121.504951
    ],
    "7th St & N St": [
        38.57692999999999,
        -121.499374
    ],
    "7th St & O St": [
        38.575826,
        -121.499851
    ],
    "7th St & O St P St Aly": [
        38.575281,
        -121.500086
    ],
    "7th St & P St": [
        38.574732999999995,
        -121.500323
    ],
    "7th St & Q St": [
        38.57363,
        -121.50080000000001
    ],
    "7th St & Q St R St Aly": [
        38.573083,
        -121.501036
    ],
    "7th St & R St": [
        38.57253899999999,
        -121.50127100000002
    ],
    "7th St & R St S St Aly": [
        38.571992,
        -121.501507
    ],
    "7th St & Rhodin Ln": [
        38.571992,
        -121.501507
    ],
    "7th St & S St": [
        38.571459,
        -121.50173699999999
    ],
    "7th St & S St T St Aly": [
        38.570896999999995,
        -121.50198
    ],
    "7th St & T St": [
        38.570358999999996,
        -121.502213
    ],
    "8th St & N St": [
        38.576578,
        -121.498053
    ],
    "8th St & N St O St Aly": [
        38.576043,
        -121.498285
    ],
    "8th St & O St": [
        38.575475,
        -121.498531
    ],
    "8th St & O St P St Aly": [
        38.574929999999995,
        -121.498767
    ],
    "8th St & P St": [
        38.574382,
        -121.499005
    ],
    "8th St & Q St": [
        38.573279,
        -121.499484
    ],
    "8th St & Q St R St Aly": [
        38.572731999999995,
        -121.49972
    ],
    "8th St & R St": [
        38.572189,
        -121.499955
    ],
    "8th St & R St S St Aly": [
        38.571641,
        -121.500193
    ],
    "8th St & Rhodin Ln": [
        38.571641,
        -121.500193
    ],
    "8th St & S St": [
        38.571109,
        -121.500424
    ],
    "8th St & S St T St Aly": [
        38.570547,
        -121.50066799999999
    ],
    "8th St & T St": [
        38.570009,
        -121.5009
    ],
    "8th St & T and U Aly": [
        38.569449999999996,
        -121.501142
    ],
    "8th St & U St": [
        38.568912999999995,
        -121.501375
    ],
    "8th St & U St V St Aly": [
        38.568360999999996,
        -121.501615
    ],