{
    "10th St & N St": [
        38.575868,
        -121.495389
    ],
    "11th St & Q St": [
        38.572214,
        -121.495481
    ],
    "12th St & G St H St Aly": [
        38.582337,
        -121.489611
    ],
    "12th St & S St T St Aly": [
        38.569129,
        -121.495344
    ],
    "13th St & J St K St Aly": [
        38.578623,
        -121.489452
    ],
    "13th St & N St": [
        38.574733,
        -121.491127
    ],
    "13th St & V St": [
        38.565976,
        -121.494937
    ],
    "14th St & Carriage Path Way": [
        38.572733,
        -121.490521
    ],
    "15th St & F St G St Aly": [
        38.582284,
        -121.484887
    ],
    "15th St & R St S St Aly": [
        38.56909,
        -121.490619
    ],
    "16th St & I St": [
        38.579199,
        -121.484741
    ],
    "16th St & U St": [
        38.565999,
        -121.490459
    ],
    "17th St & L St": [
        38.575552,
        -121.484836
    ],
    "18th St & N St O St Aly": [
        38.572416,
        -121.484713
    ],
    "19th St & Eggplant Aly": [
        38.581971,
        -121.479099
    ],
    "19th St & Q St": [
        38.56931,
        -121.48458
    ],
    "20th St & H St": [
        38.578877,
        -121.478951
    ],
    "20th St & T St": [
        38.565684,
        -121.484678
    ],
    "21st St & J St K St Aly": [
        38.575785,
        -121.478798
    ],
    "21st St & V St W St Aly": [
        38.562571,
        -121.484522
    ],
    "22nd St & D St": [
        38.582544,
        -121.47439
    ],
    "22nd St & Matsui Aly": [
        38.572083,
        -121.47892
    ],
    "23rd St & G St": [
        38.578904,
        -121.474478
    ],
    "23rd St & P St": [
        38.568988,
        -121.478767
    ],
    "24th St & I St J St Aly": [
        38.575814,
        -121.474317
    ],
    "24th St & R St S St Aly": [
        38.565889,
        -121.47861
    ],
    "24th St & U St": [
        38.563151,
        -121.479793
    ],
    "25th St & L St": [
        38.572707,
        -121.474165
    ],
    "26th St & C St": [
        38.582214,
        -121.468554
    ],
    "26th St & N St O St Aly": [
        38.569564,
        -121.474048
    ],
    "27th St & Eggplant Aly": [
        38.579116,
        -121.468411
    ],
    "27th St & Q St R St Aly": [
        38.565921,
        -121.474143
    ],
    "28th St & H St I St Aly": [
        38.575472,
        -121.468502
    ],
    "28th St & T St": [
        38.562831,
        -121.473988
    ],
    "29th St & K St": [
        38.572388,
        -121.468347
    ],
    "2nd St & N St": [
        38.5787,
        -121.506022
    ],
    "3rd St & Q St": [
        38.575041,
        -121.506102
    ],
    "3rd St & S St": [
        38.572874,
        -121.507042
    ],
    "4th St & J St": [
        38.582441,
        -121.50144
    ],
    "5th St & Capitol Mall": [
        38.578749,
        -121.501537
    ],
    "6th St & P St": [
        38.575088,
        -121.501652
    ],
    "7th St & R St": [
        38.572539,
        -121.501271
    ],
    "8th St & I St": [
        38.582111,
        -121.495654
    ],
    "8th St & T and U Aly": [
        38.56945,
        -121.501142
    ],
    "9th St & I- 80 Bus": [
        38.565931,
        -121.50117
    ],
    "9th St & K St L St Aly": [
        38.579021,
        -121.495524
    ],
    "Davini Ln & V St": [
        38.568952,
        -121.506087
    ],
    "Front St & K St": [
        38.582395,
        -121.505932
    ]
}