{
    "23rd St & V St W St Aly": [
        38.561859,
        -121.481852
    ],
    "24th St & V St": [
        38.562057,
        -121.480266
    ],
    "24th St & V St W St Aly": [
        38.561501,
        -121.480506
    ],
    "25th St & V St": [
        38.5617,
        -121.478927
    ],
    "25th St & V St W St Aly": [
        38.561145,
        -121.479167
    ],
    "26th St & U St V St Aly": [
        38.561895,
        -121.477378
    ],
    "26th St & V St": [
        38.561349,
        -121.477615
    ],
    "26th St & V St W St Aly": [
        38.560796,
        -121.477855
    ],
    "27th St & U St": [
        38.562085,
        -121.475805
    ],
    "27th St & U St V St Aly": [
        38.561539,
        -121.476041
    ],
    "27th St & V St": [
        38.560992,
        -121.476278
    ],
    "27th St & Victorian Aly": [
        38.56044,
        -121.476518
    ],
    "28th St & U St": [
        38.561727,
        -121.474466
    ],
    "28th St & U St V St Aly": [
        38.561183,
        -121.474703
    ],
    "28th St & V St": [
        38.561183,
        -121.474703
    ],
    "U St V St Aly & V St": [
        38.561183,
        -121.474703
    ]
}