{
    "13th St & V St W St Aly": [
        38.565421,
        -121.495179
    ],
    "14th St & V St": [
        38.565621,
        -121.493609
    ],
    "14th St & V St W St Aly": [
        38.565065,
        -121.493851
    ],
    "15th St & V St": [
        38.565266,
        -121.492279
    ],
    "15th St & V St W St Aly": [
        38.564709,
        -121.492521
    ],
    "16th St & U St V St Aly": [
        38.565445,
        -121.490699
    ],
    "16th St & V St": [
        38.564906,
        -121.490933
    ],
    "16th St & V St W St Aly": [
        38.564348,
        -121.491175
    ],
    "17th St & U St": [
        38.565643,
        -121.489122
    ],
    "17th St & U St V St Aly": [
        38.565088,
        -121.489362
    ],
    "17th St & V St": [
        38.564549,
        -121.489595
    ],
    "17th St & V St W St Aly": [
        38.56399,
        -121.489837
    ],
    "18th St & U St": [
        38.565289,
        -121.487795
    ],
    "18th St & U St V St Aly": [
        38.564734,
        -121.488035
    ],
    "18th St & U and V Aly": [
        38.564734,
        -121.488035
    ],
    "18th St & V St": [
        38.564195,
        -121.488268
    ],
    "18th St & V St W St Aly": [
        38.563636,
        -121.48851
    ],
    "19th St & T St U St Aly": [
        38.565474,
        -121.486241
    ],
    "19th St & U St": [
        38.564935,
        -121.486474
    ],
    "19th St & U and V Aly": [
        38.564381,
        -121.486714
    ],
    "19th St & V St": [
        38.563843,
        -121.486947
    ],
    "19th St & V St W St Aly": [
        38.563282,
        -121.487192
    ],
    "20th St & T St Vizcaya Walk Aly": [
        38.565347,
        -121.48472
    ],
    "20th St & U St": [
        38.564559,
        -121.485062
    ],
    "20th St & U Street Side Aly": [
        38.564879,
        -121.484923
    ],
    "20th St & V St": [
        38.56349,
        -121.485629
    ],
    "20th St & Vizcaya Walk": [
        38.56511,
        -121.484823
    ],
    "20th St 21st St Aly & T St": [
        38.565434,
        -121.483743
    ],
    "20th St 21st St Aly & T St Vizcaya Walk Aly": [
        38.565121,
        -121.483881
    ],
    "20th St 21st St Aly & U St": [
        38.564333,
        -121.484223
    ],
    "20th St 21st St Aly & U Street Side Aly": [
        38.564654,
        -121.484084
    ],
    "20th St 21st St Aly & Vizcaya Walk": [
        38.564884,
        -121.483984
    ],
    "21st St & T St": [
        38.565323,
        -121.483328
    ],
    "21st St & T St U St Aly": [
        38.564766,
        -121.483571
    ],
    "21st St & U St": [
        38.564222,
        -121.483806
    ],
    "21st St & U St V St Aly": [
        38.563668,
        -121.484045
    ],
    "21st St & V St": [
        38.563129,
        -121.48428
    ],
    "21st St & V St W St Aly": [
        38.562571,
        -121.484522
    ],
    "21st St 22nd St Aly & T St": [
        38.565148,
        -121.482674
    ],
    "22nd St & Solons Aly": [
        38.565511,
        -121.481764
    ],
    "22nd St & T St": [
        38.564968,
        -121.481997
    ],
    "22nd St & T St U St Aly": [
        38.564411,
        -121.482239
    ],
    "22nd St & U St": [
        38.563866,
        -121.482472
    ],
    "22nd St & U St V St Aly": [
        38.563313,
        -121.48271
    ],
    "22nd St & V St": [
        38.562773,
        -121.482943
    ],
    "22nd St & V St W St Aly": [
        38.562214,
        -121.483185
    ],
    "23rd St & Solons Aly": [
        38.565155,
        -121.480427
    ],
    "23rd St & T St": [
        38.564612,
        -121.480662
    ],
    "23rd St & T St U St Aly": [
        38.564055,
        -121.480902
    ],
    "23rd St & U St": [
        38.563511,
        -121.481138
    ],
    "23rd St & U St V St Aly": [
        38.562958,
        -121.481377
    ],
    "23rd St & V St": [
        38.562417,
        -121.481612
    ],
    "23rd St & V St W St Aly": [
        38.561859,
        -121.481852
    ],
    "24th St & S St": [
        38.565349,
        -121.478843
    ],
    "24th St & Solons Aly": [
        38.564797,
        -121.479081
    ],
    "24th St & T St": [
        38.564253,
        -121.479316
    ],
    "24th St & T St U St Aly": [
        38.563696,
        -121.479558
    ],
    "24th St & U St": [
        38.563151,
        -121.479793
    ],
    "24th St & U St V St Aly": [
        38.5626,
        -121.480031
    ],
    "24th St & V St": [
        38.562057,
        -121.480266
    ],
    "24th St & V St W St Aly": [
        38.561501,
        -121.480506
    ],
    "25th St & S St": [
        38.564992,
        -121.477504
    ],
    "25th St & Solons Aly": [
        38.56444,
        -121.477743
    ],
    "25th St & T St": [
        38.563896,
        -121.477977
    ],
    "25th St & T St U St Aly": [
        38.563339,
        -121.478219
    ],
    "25th St & U St": [
        38.562793,
        -121.478454
    ],
    "25th St & U St V St Aly": [
        38.562244,
        -121.478693
    ],
    "25th St & V St": [
        38.5617,
        -121.478927
    ],
    "25th St & V St W St Aly": [
        38.561145,
        -121.479167
    ],
    "26th St & R St S St Aly": [
        38.56518,
        -121.475953
    ],
    "26th St & S St": [
        38.56464,
        -121.476187
    ],
    "26th St & Solons Aly": [
        38.564089,
        -121.476425
    ],
    "26th St & T St": [
        38.563545,
        -121.476662
    ],
    "26th St & T St U St Aly": [
        38.562989,
        -121.476903
    ],
    "26th St & U St": [
        38.562442,
        -121.47714
    ],
    "26th St & U St V St Aly": [
        38.561895,
        -121.477378
    ],
    "26th St & V St": [
        38.561349,
        -121.477615
    ],
    "26th St & V St W St Aly": [
        38.560796,
        -121.477855
    ],
    "26th St 27th St Aly & R St S St Aly": [
        38.565006,
        -121.475297
    ],
    "27th St & R St": [
        38.565371,
        -121.474382
    ],
    "27th St & R St S St Aly": [
        38.564825,
        -121.474618
    ],
    "27th St & S St": [
        38.564284,
        -121.474851
    ],
    "27th St & Solons Aly": [
        38.563733,
        -121.475092
    ],
    "27th St & T St": [
        38.563188,
        -121.475326
    ],
    "27th St & T St U St Aly": [
        38.562633,
        -121.475568
    ],
    "27th St & U St": [
        38.562085,
        -121.475805
    ],
    "27th St & U St V St Aly": [
        38.561539,
        -121.476041
    ],
    "27th St & V St": [
        38.560992,
        -121.476278
    ],
    "27th St & Victorian Aly": [
        38.56044,
        -121.476518
    ],
    "28th St & R St": [
        38.565014,
        -121.473041
    ],
    "28th St & R St S St Aly": [
        38.564467,
        -121.473278
    ],
    "28th St & S St": [
        38.563926,
        -121.473513
    ],
    "28th St & Solons Aly": [
        38.563376,
        -121.473751
    ],
    "28th St & T St": [
        38.562831,
        -121.473988
    ],
    "28th St & T St U St Aly": [
        38.562276,
        -121.474228
    ],
    "28th St & U St": [
        38.561727,
        -121.474466
    ],
    "28th St & U St V St Aly": [
        38.561183,
        -121.474703
    ],
    "28th St & V St": [
        38.561183,
        -121.474703
    ],
    "29th St & R St": [
        38.564658,
        -121.471706
    ],
    "29th St & R St S St Aly": [
        38.564111,
        -121.471945
    ],
    "29th St & S St": [
        38.56357,
        -121.472179
    ],
    "29th St & Solons Aly": [
        38.56302,
        -121.472418
    ],
    "29th St & T St": [
        38.562475,
        -121.472654
    ],
    "U St V St Aly & V St": [
        38.561183,
        -121.474703
    ]
}