{
    "13th St & W St": [
        38.564895,
        -121.495409
    ],
    "14th St & W St": [
        38.56454,
        -121.494078
    ],
    "15th St & I- 80 Bus": [
        38.563715,
        -121.492953
    ],
    "15th St & V St W St Aly": [
        38.564709,
        -121.492521
    ],
    "15th St & W St": [
        38.564185,
        -121.492748
    ],
    "16th St & I- 80 Bus": [
        38.563357,
        -121.491604
    ],
    "16th St & V St W St Aly": [
        38.564348,
        -121.491175
    ],
    "16th St & W St": [
        38.563826,
        -121.491401
    ],
    "17th St & V St": [
        38.564549,
        -121.489595
    ],
    "17th St & V St W St Aly": [
        38.56399,
        -121.489837
    ],
    "17th St & W St": [
        38.563468,
        -121.490062
    ],
    "18th St & I- 80 Bus": [
        38.562649,
        -121.48893699999999
    ],
    "18th St & U and V Aly": [
        38.564734,
        -121.488035
    ],
    "18th St & V St": [
        38.564195,
        -121.488268
    ],
    "18th St & V St W St Aly": [
        38.563636,
        -121.48851
    ],
    "18th St & W St": [
        38.563115,
        -121.488736
    ],
    "19th St & I- 80 Bus": [
        38.562298,
        -121.48761400000001
    ],
    "19th St & U and V Aly": [
        38.564381,
        -121.486714
    ],
    "19th St & V St": [
        38.563843,
        -121.486947
    ],
    "19th St & V St W St Aly": [
        38.563282,
        -121.487192
    ],
    "19th St & W St": [
        38.562763,
        -121.487416
    ],
    "20th St & I- 80 Bus": [
        38.561951,
        -121.486322
    ],
    "20th St & U St": [
        38.564559,
        -121.485062
    ],
    "20th St & V St": [
        38.56349,
        -121.485629
    ],
    "20th St & W St": [
        38.562421,
        -121.486137
    ],
    "20th St 21st St Aly & U St": [
        38.564333,
        -121.484223
    ],
    "21st St & I- 80 Bus": [
        38.561582,
        -121.484949
    ],
    "21st St & U St": [
        38.564222,
        -121.483806
    ],
    "21st St & U St V St Aly": [
        38.563668,
        -121.484045
    ],
    "21st St & V St": [
        38.563129,
        -121.48428
    ],
    "21st St & V St W St Aly": [
        38.562571,
        -121.484522
    ],
    "21st St & W St": [
        38.56205,
        -121.484746
    ],
    "22nd St & I- 80 Bus": [
        38.561223,
        -121.483612
    ],
    "22nd St & T St U St Aly": [
        38.564411,
        -121.482239
    ],
    "22nd St & U St": [
        38.563866,
        -121.482472
    ],
    "22nd St & U St V St Aly": [
        38.563313,
        -121.48271
    ],
    "22nd St & V St": [
        38.562773,
        -121.482943
    ],
    "22nd St & V St W St Aly": [
        38.562214,
        -121.48318499999999
    ],
    "22nd St & W St": [
        38.561693999999996,
        -121.483409
    ],
    "23rd St & I- 80 Bus": [
        38.560866,
        -121.482282
    ],
    "23rd St & T St": [
        38.564612,
        -121.480662
    ],
    "23rd St & T St U St Aly": [
        38.564055,
        -121.480902
    ],
    "23rd St & U St": [
        38.563511,
        -121.481138
    ],
    "23rd St & U St V St Aly": [
        38.562957999999995,
        -121.481377
    ],
    "23rd St & V St": [
        38.562416999999996,
        -121.481612
    ],
    "23rd St & V St W St Aly": [
        38.561859,
        -121.481852
    ],
    "23rd St & W St": [
        38.561338,
        -121.482078
    ],
    "24th St & I- 80 Bus": [
        38.560505,
        -121.480936
    ],
    "24th St & T St": [
        38.564253,
        -121.479316
    ],
    "24th St & T St U St Aly": [
        38.563696,
        -121.479558
    ],
    "24th St & U St": [
        38.563151,
        -121.479793
    ],
    "24th St & U St V St Aly": [
        38.5626,
        -121.480031
    ],
    "24th St & V St": [
        38.562056999999996,
        -121.480266
    ],
    "24th St & V St W St Aly": [
        38.561501,
        -121.48050599999999
    ],
    "24th St & W St": [
        38.56098,
        -121.480732
    ],
    "25th St & Solons Aly": [
        38.56444,
        -121.477743
    ],
    "25th St & T St": [
        38.563896,
        -121.477977
    ],
    "25th St & T St U St Aly": [
        38.563339,
        -121.478219
    ],
    "25th St & U St": [
        38.562793,
        -121.478454
    ],
    "25th St & U St V St Aly": [
        38.562244,
        -121.47869299999999
    ],
    "25th St & V St": [
        38.5617,
        -121.478927
    ],
    "25th St & V St W St Aly": [
        38.561144999999996,
        -121.479167
    ],
    "25th St & W St": [
        38.560621999999995,
        -121.479393
    ],
    "26th St & I- 80 Bus": [
        38.55959,
        -121.47838
    ],
    "26th St & S St": [
        38.56464,
        -121.476187
    ],
    "26th St & Solons Aly": [
        38.564089,
        -121.476425
    ],
    "26th St & T St": [
        38.563545,
        -121.476662
    ],
    "26th St & T St U St Aly": [
        38.562989,
        -121.476903
    ],
    "26th St & U St": [
        38.562442,
        -121.47713999999999
    ],
    "26th St & U St V St Aly": [
        38.561895,
        -121.477378
    ],
    "26th St & V St": [
        38.561349,
        -121.477615
    ],
    "26th St & V St W St Aly": [
        38.560795999999996,
        -121.477855
    ],
    "26th St & W St": [
        38.560272,
        -121.478083
    ],
    "27th St & 29th St": [
        38.559991,
        -121.47671199999999
    ],
    "27th St & S St": [
        38.564284,
        -121.474851
    ],
    "27th St & Solons Aly": [
        38.563733,
        -121.475092
    ],
    "27th St & T St": [
        38.563188,
        -121.475326
    ],
    "27th St & T St U St Aly": [
        38.56263299999999,
        -121.47556800000001
    ],
    "27th St & U St": [
        38.562084999999996,
        -121.475805
    ],
    "27th St & U St V St Aly": [
        38.561538999999996,
        -121.476041
    ],
    "27th St & V St": [
        38.560992,
        -121.47627800000001
    ],
    "27th St & Victorian Aly": [
        38.56044,
        -121.476518
    ],
    "27th St & W St": [
        38.559991,
        -121.47671199999999
    ],
    "28th St & R St S St Aly": [
        38.564467,
        -121.473278
    ],
    "28th St & S St": [
        38.563926,
        -121.473513
    ],
    "28th St & Solons Aly": [
        38.563376,
        -121.473751
    ],
    "28th St & T St": [
        38.562830999999996,
        -121.473988
    ],
    "28th St & T St U St Aly": [
        38.56227599999999,
        -121.47422800000001
    ],
    "28th St & U St": [
        38.561727,
        -121.474466
    ],
    "28th St & U St V St Aly": [
        38.561183,
        -121.474703
    ],
    "28th St & V St": [
        38.561183,
        -121.474703
    ],
    "29th St & R St S St Aly": [
        38.564111,
        -121.471945
    ],
    "29th St & S St": [
        38.56357,
        -121.472179
    ],
    "29th St & Solons Aly": [
        38.56302,
        -121.472418
    ],
    "29th St & T St": [
        38.56247499999999,
        -121.472654
    ],
    "29th St & T St U St Aly": [
        38.56192399999999,
        -121.472907
    ],
    "29th St & U St": [
        38.56146199999999,
        -121.47347500000002
    ],
    "29th St & V St": [
        38.561034,
        -121.474144
    ],
    "29th St & Victorian Aly": [
        38.560224999999996,
        -121.475708
    ],
    "29th St & W St": [
        38.559991,
        -121.47671199999999
    ],
    "I- 80 Bus & R St": [
        38.564516,
        -121.471174
    ],
    "I- 80 Bus & S St": [
        38.563428,
        -121.471647
    ],
    "I- 80 Bus & T St": [
        38.562335,
        -121.472127
    ],
    "U St V St Aly & V St": [
        38.561183,
        -121.474703
    ]
}