{
    "18th St & I- 80 Bus": [
        38.562649,
        -121.48893699999999
    ],
    "19th St & I- 80 Bus": [
        38.562298,
        -121.48761400000001
    ],
    "19th St & W St": [
        38.562763,
        -121.487416
    ],
    "20th St & I- 80 Bus": [
        38.561951,
        -121.486322
    ],
    "20th St & W St": [
        38.562421,
        -121.486137
    ],
    "21st St & I- 80 Bus": [
        38.561582,
        -121.484949
    ],
    "21st St & V St W St Aly": [
        38.562571,
        -121.484522
    ],
    "21st St & W St": [
        38.56205,
        -121.484746
    ],
    "22nd St & I- 80 Bus": [
        38.561223,
        -121.483612
    ],
    "22nd St & V St": [
        38.562773,
        -121.482943
    ],
    "22nd St & V St W St Aly": [
        38.562214,
        -121.48318499999999
    ],
    "22nd St & W St": [
        38.561693999999996,
        -121.483409
    ],
    "23rd St & I- 80 Bus": [
        38.560866,
        -121.482282
    ],
    "23rd St & U St V St Aly": [
        38.562957999999995,
        -121.481377
    ],
    "23rd St & V St": [
        38.562416999999996,
        -121.481612
    ],
    "23rd St & V St W St Aly": [
        38.561859,
        -121.481852
    ],
    "23rd St & W St": [
        38.561338,
        -121.482078
    ],
    "24th St & I- 80 Bus": [
        38.560505,
        -121.480936
    ],
    "24th St & U St V St Aly": [
        38.5626,
        -121.480031
    ],
    "24th St & V St": [
        38.562056999999996,
        -121.480266
    ],
    "24th St & V St W St Aly": [
        38.561501,
        -121.48050599999999
    ],
    "24th St & W St": [
        38.56098,
        -121.480732
    ],
    "25th St & U St": [
        38.562793,
        -121.478454
    ],
    "25th St & U St V St Aly": [
        38.562244,
        -121.47869299999999
    ],
    "25th St & V St": [
        38.5617,
        -121.478927
    ],
    "25th St & V St W St Aly": [
        38.561144999999996,
        -121.479167
    ],
    "25th St & W St": [
        38.560621999999995,
        -121.479393
    ],
    "26th St & I- 80 Bus": [
        38.55959,
        -121.47838
    ],
    "26th St & T St U St Aly": [
        38.562989,
        -121.476903
    ],
    "26th St & U St": [
        38.562442,
        -121.47713999999999
    ],
    "26th St & U St V St Aly": [
        38.561895,
        -121.477378
    ],
    "26th St & V St": [
        38.561349,
        -121.477615
    ],
    "26th St & V St W St Aly": [
        38.560795999999996,
        -121.477855
    ],
    "26th St & W St": [
        38.560272,
        -121.478083
    ],
    "27th St & 29th St": [
        38.559991,
        -121.47671199999999
    ],
    "27th St & T St U St Aly": [
        38.56263299999999,
        -121.47556800000001
    ],
    "27th St & U St": [
        38.562084999999996,
        -121.475805
    ],
    "27th St & U St V St Aly": [
        38.561538999999996,
        -121.476041
    ],
    "27th St & V St": [
        38.560992,
        -121.47627800000001
    ],
    "27th St & Victorian Aly": [
        38.56044,
        -121.476518
    ],
    "27th St & W St": [
        38.559991,
        -121.47671199999999
    ],
    "28th St & T St": [
        38.562830999999996,
        -121.473988
    ],
    "28th St & T St U St Aly": [
        38.56227599999999,
        -121.47422800000001
    ],
    "28th St & U St": [
        38.561727,
        -121.474466
    ],
    "28th St & U St V St Aly": [
        38.561183,
        -121.474703
    ],
    "28th St & V St": [
        38.561183,
        -121.474703
    ],
    "29th St & T St": [
        38.56247499999999,
        -121.472654
    ],
    "29th St & T St U St Aly": [
        38.56192399999999,
        -121.472907
    ],
    "29th St & U St": [
        38.56146199999999,
        -121.47347500000002
    ],
    "29th St & V St": [
        38.561034,
        -121.474144
    ],
    "29th St & Victorian Aly": [
        38.560224999999996,
        -121.475708
    ],
    "29th St & W St": [
        38.559991,
        -121.47671199999999
    ],
    "I- 80 Bus & T St": [
        38.562335,
        -121.472127
    ],
    "U St V St Aly & V St": [
        38.561183,
        -121.474703
    ]
}