{
    "10th St & S St T St Aly": [
        38.569838,
        -121.498002
    ],
    "10th St & T St": [
        38.569298,
        -121.498235
    ],
    "10th St & Tomato Aly": [
        38.568739,
        -121.498478
    ],
    "10th St & U St": [
        38.568202,
        -121.498711
    ],
    "10th St & U St V St Aly": [
        38.56765,
        -121.49895
    ],
    "10th St & V St": [
        38.567109,
        -121.499184
    ],
    "10th St & V St W St Aly": [
        38.566557,
        -121.499422
    ],
    "10th St & W St": [
        38.566027,
        -121.499653
    ],
    "3rd St & U St V St Aly": [
        38.570135,
        -121.508233
    ],
    "3rd St & V St": [
        38.569587,
        -121.508471
    ],
    "3rd St & W St": [
        38.568978,
        -121.508505
    ],
    "4th St & U St": [
        38.570328,
        -121.506678
    ],
    "4th St & U St V St Aly": [
        38.569785,
        -121.506915
    ],
    "4th St & V St": [
        38.569236,
        -121.507153
    ],
    "4th St & V St W St Aly": [
        38.568692,
        -121.507391
    ],
    "4th St & W St": [
        38.568455,
        -121.507494
    ],
    "5th St & U St": [
        38.569972,
        -121.505345
    ],
    "5th St & U St V St Aly": [
        38.56943,
        -121.505579
    ],
    "5th St & V St": [
        38.56888,
        -121.505817
    ],
    "5th St & V St W St Aly": [
        38.568334,
        -121.506054
    ],
    "5th St & W St": [
        38.567796,
        -121.506287
    ],
    "6th St & T St U St Aly": [
        38.570168,
        -121.503773
    ],
    "6th St & U St": [
        38.569616,
        -121.504011
    ],
    "6th St & U St V St Aly": [
        38.569075,
        -121.504246
    ],
    "6th St & V St": [
        38.568524,
        -121.504482
    ],
    "6th St & V St W St Aly": [
        38.567977,
        -121.504718
    ],
    "6th St & W St": [
        38.567439,
        -121.504951
    ],
    "7th St & T St": [
        38.570359,
        -121.502213
    ],
    "8th St & T St": [
        38.570009,
        -121.5009
    ],
    "8th St & T and U Aly": [
        38.56945,
        -121.501142
    ],
    "8th St & U St": [
        38.568913,
        -121.501375
    ],
    "8th St & U St V St Aly": [
        38.568360999999996,
        -121.501615
    ],
    "8th St & V St": [
        38.567821,
        -121.501848
    ],
    "8th St & V St W St Aly": [
        38.56727,
        -121.502088
    ],
    "8th St & W St": [
        38.566737,
        -121.502317
    ],
    "9th St & S St T St Aly": [
        38.570192,
        -121.499332
    ],
    "9th St & T St": [
        38.569653,
        -121.499565
    ],
    "9th St & Tomato Aly": [
        38.569094,
        -121.499807
    ],
    "9th St & U St": [
        38.568556,
        -121.500038
    ],
    "9th St & U St V St Aly": [
        38.568004,
        -121.500276
    ],
    "9th St & V St": [
        38.567463,
        -121.500509
    ],
    "9th St & V St W St Aly": [
        38.566912,
        -121.500747
    ],
    "9th St & W St": [
        38.56638,
        -121.500977
    ],
    "Davini Ln & V St": [
        38.568952,
        -121.506087
    ],
    "Davini Ln & V St W St Aly": [
        38.56840499999999,
        -121.506321
    ],
    "T St U St Aly & T and U Aly": [
        38.570231,
        -121.504009
    ],
    "T and U Aly & Tomato Aly": [
        38.569236,
        -121.500339
    ],
    "V St W St Aly & W St": [
        38.56887,
        -121.508049
    ]
}