{
    "10th St & O St P St Aly": [
        38.57422,
        -121.496103
    ],
    "10th St & P St": [
        38.573671999999995,
        -121.496342
    ],
    "10th St & Q St": [
        38.57256999999999,
        -121.49681799999999
    ],
    "10th St & Q St R St Aly": [
        38.572023,
        -121.497055
    ],
    "10th St & R St": [
        38.571479,
        -121.497291
    ],
    "10th St & R St S St Aly": [
        38.570931,
        -121.497527
    ],
    "10th St & S St": [
        38.570398,
        -121.497759
    ],
    "10th St & S St T St Aly": [
        38.569838,
        -121.498002
    ],
    "10th St & T St": [
        38.569298,
        -121.498235
    ],
    "10th St & Tomato Aly": [
        38.568739,
        -121.498478
    ],
    "10th St & U St": [
        38.568202,
        -121.498711
    ],
    "10th St & U St V St Aly": [
        38.56765,
        -121.49895
    ],
    "10th St & V St": [
        38.567109,
        -121.499184
    ],
    "10th St & V St W St Aly": [
        38.566557,
        -121.499422
    ],
    "10th St & W St": [
        38.566027,
        -121.499653
    ],
    "3rd St & Q St": [
        38.575041,
        -121.506102
    ],
    "3rd St & Q St R St Aly": [
        38.574509,
        -121.506327
    ],
    "3rd St & R St": [
        38.573952,
        -121.506574
    ],
    "3rd St & R St S St Aly": [
        38.573404,
        -121.506813
    ],
    "3rd St & S St": [
        38.572874,
        -121.507042
    ],
    "3rd St & S and T Aly": [
        38.57231,
        -121.507287
    ],
    "3rd St & T St": [
        38.571773,
        -121.50752
    ],
    "3rd St & T St U St Aly": [
        38.571231,
        -121.507756
    ],
    "3rd St & U St": [
        38.57068,
        -121.507996
    ],
    "3rd St & U St V St Aly": [
        38.570135,
        -121.508233
    ],
    "3rd St & V St": [
        38.569587,
        -121.508471
    ],
    "3rd St & W St": [
        38.568978,
        -121.508505
    ],
    "4th St & Q St": [
        38.57469,
        -121.504782
    ],
    "4th St & Q St R St Aly": [
        38.574159,
        -121.50501299999999
    ],
    "4th St & R St": [
        38.573601,
        -121.505256
    ],
    "4th St & R St S St Aly": [
        38.573054,
        -121.505495
    ],
    "4th St & S St": [
        38.572522,
        -121.505726
    ],
    "4th St & S and T Aly": [
        38.571958999999985,
        -121.50596900000001
    ],
    "4th St & T St": [
        38.571422,
        -121.506204
    ],
    "4th St & T St U St Aly": [
        38.57088,
        -121.506438
    ],
    "4th St & U St": [
        38.570328,
        -121.506678
    ],
    "4th St & U St V St Aly": [
        38.569785,
        -121.506915
    ],
    "4th St & V St": [
        38.569236,
        -121.507153
    ],
    "4th St & V St W St Aly": [
        38.568692,
        -121.507391
    ],
    "4th St & W St": [
        38.568455,
        -121.507494
    ],
    "5th St & P St": [
        38.57544,
        -121.50297300000001
    ],
    "5th St & Q St": [
        38.574335999999995,
        -121.503452
    ],
    "5th St & Q St R St Aly": [
        38.573805,
        -121.503681
    ],
    "5th St & R St": [
        38.573246,
        -121.503924
    ],
    "5th St & R St S St Aly": [
        38.572697999999995,
        -121.504161
    ],
    "5th St & S St": [
        38.572167,
        -121.504392
    ],
    "5th St & S and T Aly": [
        38.571604,
        -121.50463500000001
    ],
    "5th St & T St": [
        38.571067,
        -121.504868
    ],
    "5th St & T and U Aly": [
        38.570524,
        -121.505105
    ],
    "5th St & U St": [
        38.569972,
        -121.505345
    ],
    "5th St & U St V St Aly": [
        38.56943,
        -121.505579
    ],
    "5th St & V St": [
        38.56888,
        -121.505817
    ],
    "5th St & V St W St Aly": [
        38.568334,
        -121.506054
    ],
    "5th St & W St": [
        38.567796,
        -121.506287
    ],
    "6th St & P St": [
        38.575088,
        -121.501652
    ],
    "6th St & Q St": [
        38.573983999999996,
        -121.50212800000001
    ],
    "6th St & Q St R St Aly": [
        38.573436,
        -121.502365
    ],
    "6th St & R St": [
        38.572893,
        -121.502598
    ],
    "6th St & R St S St Aly": [
        38.572345,
        -121.50283400000001
    ],
    "6th St & S St": [
        38.571813,
        -121.503063
    ],
    "6th St & S St T St Aly": [
        38.57125,
        -121.503307
    ],
    "6th St & T St": [
        38.570712,
        -121.50354
    ],
    "6th St & T St U St Aly": [
        38.570168,
        -121.503773
    ],
    "6th St & U St": [
        38.569616,
        -121.504011
    ],
    "6th St & U St V St Aly": [
        38.569075,
        -121.504246
    ],
    "6th St & V St": [
        38.568524,
        -121.504482
    ],
    "6th St & V St W St Aly": [
        38.567977,
        -121.504718
    ],
    "6th St & W St": [
        38.567439,
        -121.504951
    ],
    "7th St & P St": [
        38.574732999999995,
        -121.500323
    ],
    "7th St & Q St": [
        38.57363,
        -121.50080000000001
    ],
    "7th St & Q St R St Aly": [
        38.573083,
        -121.501036
    ],
    "7th St & R St": [
        38.57253899999999,
        -121.50127100000002
    ],
    "7th St & R St S St Aly": [
        38.571992,
        -121.501507
    ],
    "7th St & Rhodin Ln": [
        38.571992,
        -121.501507
    ],
    "7th St & S St": [
        38.571459,
        -121.50173699999999
    ],
    "7th St & S St T St Aly": [
        38.570897,
        -121.50198
    ],
    "7th St & T St": [
        38.570359,
        -121.502213
    ],
    "8th St & P St": [
        38.574382,
        -121.499005
    ],
    "8th St & Q St": [
        38.573279,
        -121.499484
    ],
    "8th St & Q St R St Aly": [
        38.572731999999995,
        -121.49972
    ],
    "8th St & R St": [
        38.572189,
        -121.499955
    ],
    "8th St & Rhodin Ln": [
        38.571641,
        -121.500193
    ],
    "8th St & S St": [
        38.571109,
        -121.500424
    ],
    "8th St & S St T St Aly": [
        38.570547,
        -121.500668
    ],
    "8th St & T St": [
        38.570009,
        -121.5009
    ],
    "8th St & T and U Aly": [
        38.56945,
        -121.501142
    ],
    "8th St & U St": [
        38.568913,
        -121.501375
    ],
    "8th St & U St V St Aly": [
        38.568361,
        -121.501615
    ],
    "8th St & V St": [
        38.567821,
        -121.501848
    ],
    "8th St & V St W St Aly": [
        38.56727,
        -121.502088
    ],
    "8th St & W St": [
        38.566737,
        -121.502317
    ],
    "9th St & P St": [
        38.574028999999996,
        -121.497677
    ],
    "9th St & Q St": [
        38.572925,
        -121.498153
    ],
    "9th St & Q St R St Aly": [
        38.572378,
        -121.49839
    ],
    "9th St & R St": [
        38.571833999999996,
        -121.498625
    ],
    "9th St & R St S St Aly": [
        38.571286,
        -121.498861
    ],
    "9th St & S St": [
        38.570753,
        -121.49909
    ],
    "9th St & S St T St Aly": [
        38.570192,
        -121.499332
    ],
    "9th St & T St": [
        38.569653,
        -121.499565
    ],
    "9th St & Tomato Aly": [
        38.569094,
        -121.499807
    ],
    "9th St & U St": [
        38.568556,
        -121.500038
    ],
    "9th St & U St V St Aly": [
        38.568004,
        -121.500276
    ],
    "9th St & V St": [
        38.567463,
        -121.500509
    ],
    "9th St & V St W St Aly": [
        38.566912,
        -121.500747
    ],
    "9th St & W St": [
        38.56638,
        -121.500977
    ],
    "Davini Ln & V St": [
        38.568952,
        -121.506087
    ],
    "Davini Ln & V St W St Aly": [
        38.568405,
        -121.506321
    ],